init,initialize
create,initialize
duplicate,create
notify,fire
register,add
show,bring
select,show
apply,modify
stop,remove
add,create
update,set
handle,resolve
allow,edit
control,modify
search,find
generate,add
apply,filter
apply,transform
allow,configure
clean,finalize
read,initialize
present,edit
calculate,find
clear,reset
schedule,run
read,parse
clone,create
set,add
edit,display
simulate,mouse
reconstruct,init
control,align
export,dump
clear,set
draw,paint
compare,display
index,get
set,create
open,create
enable,begin
balance,find
tag,print
apply,add
clear,end
check,add
handle,respond
show,choose
set,init
throw,add
save,demand
do,add
open,prompt
default,setup
init,create
align,make
destroy,mark
convert,create
support,fire
display,import
verify,write
open,board
send,ready
update,target
init,build
save,create
encode,serialize
deal,damage
update,move
process,receive
process,notify
contain,build
put,add
display,print
click,perform
create,ensure
populate,create
convert,find
update,walk
debug,print
attach,add
present,verify
execute,load
update,fire
look,lookup
undo,restore
handle,refresh
convert,extract
open,choose
update,adjust
read,load
load,receive
export,store
draw,fill
apply,set
record,add
reinitialize,init
quit,close
