new,configure, 0.5,1,do new,do configure
snipe,security, 0.666666666666667,1,jconfig snipe tab,jconfig security tab
rss,print, 0.5,1,do rss,do print
value,color, 0.666666666666667,1,get value string,get color string
rss,action, 0.5,1,do rss,do action
single,search, 0.5,1,do single,do search
help,command, 0.5,1,do help,do command
bid,action, 0.5,1,do bid,do action
next,cancelled, 0.666666666666667,1,get next snipe,get cancelled snipe
tag,line, 0.5,1,handle tag,handle line
auction,default, 0.666666666666667,1,get auction server,get default server
copy,comment, 0.5,1,do copy,do comment
column,httpsproxy, 0.666666666666667,1,build column panel,build httpsproxy panel
snipe,command, 0.5,3,do snipe,do command,do snipe,do command,do snipe,do command
error,auctions, 0.5,1,check error,check auctions
drag,release, 0.5,1,mouse dragged,mouse released
table,comparator, 0.5,1,auction table,auction comparator
action,information, 0.5,1,do action,do information
add,redraw, 0.5,2,add entry,redraw entry,add entry,redraw entry
faq,save, 0.5,1,do faq,do save
enable,shipping, 0.5,1,do enable,do shipping
add,which, 0.5,1,add multi,which multi
sum,buy, 0.5,1,do sum,do buy
focus,jmouse, 0.5,1,focus adapter,jmouse adapter
search,listen, 0.5,1,cancel searches,cancel listener
snipe,seller, 0.5,1,check snipe,check seller
date,padding, 0.666666666666667,1,get snipe date,get snipe padding
child,token, 0.5,1,add child,add token
comment,affiliate, 0.5,1,do comment,do affiliate
edit,configure, 0.5,1,do edit,do configure
gained,adapter, 0.5,1,focus gained,focus adapter
jpaste,cancel, 0.5,1,jpaste listener,cancel listener
prev,next, 0.666666666666667,1,get prev content,get next content
menu,event, 0.5,1,add menu,add event
jtab,filter, 0.5,1,jtab manager,filter manager
string,extension, 0.5,1,mode string,mode extension
enable,configure, 0.5,1,do enable,do configure
snipe,delete, 0.5,3,do snipe,do delete,do snipe,do delete,do snipe,do delete
tab,comment, 0.5,1,delete tab,delete comment
snipe,disable, 0.5,3,do snipe,do disable,do snipe,do disable,do snipe,do disable
name,entry, 0.5,1,auction name,auction entry
check,accept, 0.5,1,check drag,accept drag
match,delete, 0.5,1,match auction,delete auction
username,httpsproxy, 0.666666666666667,1,build username panel,build httpsproxy panel
add,comment, 0.5,1,do add,do comment
filters,auction, 0.5,1,load filters,load auction
server,thumbnail, 0.5,2,get server by name,get thumbnail by id,get server by name,get thumbnail by url
sum,periodic, 0.5,1,do sum,do periodic
print,execute, 0.5,1,do print,do execute
bid,buy, 0.5,2,auction bid,auction buy,do bid,do buy
entry,qobject, 0.5,1,auction entry,auction qobject
delete,execute, 0.5,1,do delete,do execute
event,pasting, 0.5,1,add event,add pasting
info,values, 0.5,1,update info,update values
entry,searches, 0.5,2,add entry,add searches,add entry,add searches
rss,save, 0.5,1,do rss,do save
bid,info, 0.5,1,auction bid,auction info
general,security, 0.666666666666667,1,jconfig general tab,jconfig security tab
browser,firewall, 0.666666666666667,1,jconfig browser tab,jconfig firewall tab
print,action, 0.5,1,do print,do action
array,linked, 0.5,1,array list,linked list
ebay,register, 0.5,1,ebay auction,register auction
action,serialize, 0.5,1,do action,do serialize
uscur,snipe, 0.666666666666667,1,get uscur bid,get snipe bid
jtab,update, 0.5,1,jtab manager,update manager
data,number, 0.5,2,get data from stream,get number from label,get data from reader,get number from label
writer,buffer, 0.5,1,string writer,string buffer
filter,thumbnail, 0.5,1,filter manager,thumbnail manager
column,dropdown, 0.666666666666667,1,build column panel,build dropdown panel
snipe,configure, 0.5,3,do snipe,do configure,do snipe,do configure,do snipe,do configure
action,disable, 0.5,1,do action,do disable
bid,date, 0.666666666666667,1,get snipe bid,get snipe date
setup,option, 0.5,1,setup ui,option ui
paste,search, 0.5,1,add pasting,add searches
about,information, 0.5,1,do about,do information
about,affiliate, 0.5,1,do about,do affiliate
best,minimum, 0.5,1,get best bid value,get minimum bid increment
jbid,simple, 0.5,1,jbid proxy,simple proxy
time,info, 0.5,1,update time,update info
do,cancel, 0.5,6,do snipe,cancel snipe,do snipe,cancel snipe,do snipe,cancel snipe,do snipe,cancel snipe,do snipe,cancel snipe,do snipe,cancel snipe
load,update, 0.5,2,do load,do update,do load,do update
event,search, 0.5,1,add event,add search
load,check, 0.5,1,load auctions,check auctions
column,changed, 0.5,1,table column,table changed
new,search, 0.5,1,do new,do search
about,shipping, 0.5,1,do about,do shipping
update,auctions, 0.5,1,update manager,auctions manager
tag,end, 0.666666666666667,1,get next tag,get next end
load,execute, 0.5,1,do load,do execute
page,title, 0.5,1,build page,build title
del,verify, 0.5,1,del entry,verify entry
save,configure, 0.5,1,do save,do configure
value,clipboard, 0.666666666666667,1,get value string,get clipboard string
bid,row, 0.666666666666667,1,get bid count,get row count
menu,input, 0.5,1,add menu,add input
info,stats, 0.5,1,auction info,auction stats
layer,prompt, 0.5,1,layer string,prompt string
add,buy, 0.5,1,do add,do buy
action,cancel, 0.5,1,action listener,cancel listener
show,entry, 0.5,1,show status,entry status
ui,flavors, 0.5,1,setup ui,setup flavors
bid,about, 0.5,1,do bid,do about
file,tables, 0.5,1,load file,load tables
build,server, 0.5,1,build menu,server menu
name,qobject, 0.5,1,auction name,auction qobject
disable,affiliate, 0.5,1,do disable,do affiliate
add,new, 0.5,2,do add,do new,add search,new search
server,auction, 0.666666666666667,3,add server,add auction,ebay server,ebay auction,establish server menu,establish auction menu
bid,load, 0.5,1,do bid,do load
sum,affiliate, 0.5,1,do sum,do affiliate
debug,auction, 0.666666666666667,1,establish debug menu,establish auction menu
focus,window, 0.5,1,focus adapter,window adapter
ended,thumb, 0.5,1,check ended,check thumb
row,auction, 0.666666666666667,1,get row count,get auction count
faq,command, 0.5,1,do faq,do command
entry,table, 0.5,1,auction entry,auction table
do,force, 0.5,2,do update,force update,do update,force update
username,checkbox, 0.666666666666667,1,build username panel,build checkbox panel
sum,save, 0.5,1,do sum,do save
page request,default server, 0.5,1,get page request time,get default server time
load,disable, 0.5,1,do load,do disable
side,runtime, 0.5,1,side info,runtime info
bid,delete, 0.5,1,do bid,do delete
line,button, 0.5,1,make line,make button
default,cancelled, 0.5,1,get default snipe time,get cancelled snipe quantity
adapter,pressed, 0.5,2,key adapter,key pressed,mouse pressed,mouse adapter
strings,auction, 0.5,1,load strings,load auction
command,information, 0.5,1,do command,do information
command,shipping, 0.5,1,do command,do shipping
map,code, 0.5,1,hash map,hash code
token,status, 0.666666666666667,1,get token count,get status count
sum,execute, 0.5,1,do sum,do execute
do,limit, 0.5,1,do action,limit action
new,build, 0.5,1,new search,build search
file,server, 0.666666666666667,1,establish file menu,establish server menu
add,update, 0.5,2,do add,do update,do add,do update
add,serialize, 0.5,1,do add,do serialize
stub,general, 0.666666666666667,1,jconfig stub tab,jconfig general tab
jpaste,handle, 0.5,1,jpaste listener,handle listener
bid,search, 0.666666666666667,2,get bid count,get search count,do bid,do search
rss,copy, 0.5,1,do rss,do copy
listener,authorization, 0.5,1,handle listener,handle authorization
limit,message, 0.5,1,limit action,message action
entry,stats, 0.5,1,auction entry,auction stats
from,search, 0.666666666666667,1,load from string,load search string
cookie,xmlparse, 0.5,1,cookie exception,xmlparse exception
browser,security, 0.666666666666667,1,jconfig browser tab,jconfig security tab
serialize,affiliate, 0.5,1,do serialize,do affiliate
add,ebay, 0.5,2,add auction,ebay auction,add server,ebay server
rss,delete, 0.5,1,do rss,do delete
file,auction, 0.666666666666667,2,load file,load auction,establish file menu,establish auction menu
prep,change, 0.5,1,prep table,change table
reader,buffer, 0.5,1,string reader,string buffer
configure,information, 0.5,1,do configure,do information
save,information, 0.5,1,do save,do information
line,listener, 0.5,1,handle line,handle listener
rss,update, 0.5,2,do rss,do update,do rss,do update
help,shipping, 0.5,1,do help,do shipping
html,title, 0.5,1,build html,build title
sum,serialize, 0.5,1,do sum,do serialize
quit,listener, 0.5,1,handle quit,handle listener
do,abstract, 0.5,1,do action,abstract action
ebay,parse, 0.5,1,ebay auction,parse auction
do,message, 0.5,1,do action,message action
add,faq, 0.5,1,do add,do faq
load,parse, 0.5,1,load auction,parse auction
entry,server, 0.5,2,add entry,add server,add entry,add server
faq,enable, 0.5,1,do faq,do enable
single,comment, 0.5,1,do single,do comment
about,enable, 0.5,1,do about,do enable
column,server, 0.666666666666667,1,get column name,get server name
error,title, 0.5,1,check error,check title
sum,snipe, 0.5,3,do sum,do snipe,do sum,do snipe,do sum,do snipe
comment,command, 0.5,1,do comment,do command
copy,shipping, 0.5,1,do copy,do shipping
encode,bitrate, 0.5,1,encode string,bitrate string
do,auction, 0.5,2,do buy,auction buy,do bid,auction bid
by name,configuration tabs, 0.5,1,get server by name,get server configuration tabs
sum,help, 0.5,1,do sum,do help
update,deleted, 0.5,1,update manager,deleted manager
clock,auctions, 0.5,1,check clock,check auctions
extract,jpassword, 0.5,1,extract field,jpassword field
tag,content, 0.666666666666667,1,get next tag,get next content
save,single, 0.5,1,do save,do single
bid,value, 0.666666666666667,1,get snipe bid,get snipe value
reader,label, 0.5,1,get data from reader,get number from label
sum,load, 0.5,1,do sum,do load
execute,comment, 0.5,1,do execute,do comment
serialize,information, 0.5,1,do serialize,do information
mode,insert, 0.5,1,mode string,insert string
names,class, 0.666666666666667,1,get column names,get column class
x,y, 0.666666666666667,1,get popup x,get popup y
del,expected, 0.5,1,del input,expected input
prompt,bitrate, 0.5,1,prompt string,bitrate string
snipe,single, 0.5,3,do snipe,do single,do snipe,do single,do snipe,do single
proxy,firewall, 0.75,2,set all proxy status,set all firewall status,set all proxy text,set all firewall text
side,update, 0.5,1,side info,update info
tab,settings, 0.5,1,jconfig file path tab,build file path settings
add,configure, 0.5,1,do add,do configure
id,something, 0.666666666666667,1,do copy id,do copy something
string,buffered, 0.5,2,string reader,buffered reader,string writer,buffered writer
regex,content, 0.8,1,get next content after regex,get next content after content
prev,first, 0.666666666666667,1,get prev content,get first content
buffer,searcher, 0.5,1,string buffer,string searcher
tag,save, 0.5,1,handle tag,handle save
tag,snipe, 0.666666666666667,1,get next tag,get next snipe
buy,comparator, 0.5,1,auction buy,auction comparator
save,enable, 0.5,1,do save,do enable
add,find, 0.5,1,add search,find search
adapter,deactivated, 0.5,1,window adapter,window deactivated
before,evaluate, 0.5,1,before popup,evaluate popup
build,search, 0.5,1,build frame,search frame
limit,abstract, 0.5,1,limit action,abstract action
token,searches, 0.5,1,add token,add searches
items,synchronize, 0.5,1,get my ebay items,do my ebay synchronize
new,periodic, 0.5,1,do new,do periodic
disable,shipping, 0.5,1,do disable,do shipping
save,affiliate, 0.5,1,do save,do affiliate
shipping,information, 0.5,1,do shipping,do information
frame,manager, 0.5,1,search frame,search manager
type,column, 0.666666666666667,1,get type name,get column name
bid,name, 0.5,1,auction bid,auction name
export,delete, 0.5,1,export tab,delete tab
format,auction, 0.5,1,format bid,auction bid
general,firewall, 0.666666666666667,1,jconfig general tab,jconfig firewall tab
key,focus, 0.5,1,key adapter,focus adapter
info,comparator, 0.5,1,auction info,auction comparator
multi,auction, 0.5,1,add multi,add auction
sum,information, 0.5,1,do sum,do information
read,build, 0.5,1,read frame,build frame
help,disable, 0.5,1,do help,do disable
server,iterator, 0.666666666666667,1,get auction server,get auction iterator
comment,shipping, 0.5,1,do comment,do shipping
load,periodic, 0.5,1,do load,do periodic
jtext,toggle, 0.5,1,jtext field,toggle field
row,category, 0.5,1,find row,find category
jdrop,snipe, 0.5,1,jdrop listener,snipe listener
buy,name, 0.5,1,auction buy,auction name
font,background, 0.5,1,choose font,choose background
sum,action, 0.5,1,do sum,do action
command,configure, 0.5,1,do command,do configure
jtab,internal, 0.666666666666667,1,jtab popup menu,internal popup menu
ebay,webserver, 0.666666666666667,1,jconfig ebay tab,jconfig webserver tab
text,status, 0.75,2,set all proxy text,set all proxy status,set all firewall text,set all firewall status
layer,encode, 0.5,1,layer string,encode string
copy,serialize, 0.5,1,do copy,do serialize
snipe,update, 0.666666666666667,7,get next snipe,get next update,do snipe,do update,do snipe,do update,do snipe,do update,do snipe,do update,do snipe,do update,do snipe,do update
end,content, 0.666666666666667,1,get next end,get next content
faq,copy, 0.5,1,do faq,do copy
row,token, 0.666666666666667,1,get row count,get token count
repeat,channel, 0.666666666666667,1,get repeat count,get channel count
proxy,checkbox, 0.666666666666667,1,build proxy panel,build checkbox panel
buy,info, 0.5,1,auction buy,auction info
about,disable, 0.5,1,do about,do disable
print,command, 0.5,1,do print,do command
jconfig,build, 0.5,2,jconfig file path tab,build file path settings,build frame,jconfig frame
drop,auction, 0.5,1,drop qobject,auction qobject
tab,menu, 0.5,1,add tab,add menu
filter,deleted, 0.5,1,filter manager,deleted manager
decode,encode, 0.5,1,decode string,encode string
grep,lookup, 0.5,1,content grep,content lookup
do,prepare, 0.5,3,do snipe,prepare snipe,do snipe,prepare snipe,do snipe,prepare snipe
fatal,syntax, 0.5,1,fatal error,syntax error
do,handle, 0.5,2,do about,handle about,do save,handle save
edit,periodic, 0.5,1,do edit,do periodic
snipe,comment, 0.5,3,do snipe,do comment,do snipe,do comment,do snipe,do comment
tag,update, 0.666666666666667,1,get next tag,get next update
repeat,auction, 0.666666666666667,1,get repeat count,get auction count
read,table, 0.5,1,read header,table header
mode,prompt, 0.5,1,mode string,prompt string
title,string, 0.5,1,title searcher,string searcher
disable,periodic, 0.5,1,do disable,do periodic
buy,snipe, 0.5,3,do buy,do snipe,do buy,do snipe,do buy,do snipe
sum,shipping, 0.5,1,do sum,do shipping
edit,single, 0.5,1,do edit,do single
snipe,periodic, 0.5,3,do snipe,do periodic,do snipe,do periodic,do snipe,do periodic
token,currency, 0.666666666666667,1,get token type,get currency type
delete,disable, 0.5,1,do delete,do disable
multi,input, 0.5,1,add multi,add input
print,enable, 0.5,1,do print,do enable
press,click, 0.5,1,mouse pressed,mouse clicked
item,status, 0.666666666666667,1,get item count,get status count
frame,header, 0.5,1,read frame,read header
error,snipe, 0.5,1,check error,check snipe
lost,adapter, 0.5,1,focus lost,focus adapter
delete,command, 0.5,1,do delete,do command
copy,command, 0.5,1,do copy,do command
column,username, 0.666666666666667,1,build column panel,build username panel
value,increment, 0.5,1,get best bid value,get minimum bid increment
copy,about, 0.5,1,do copy,do about
count,quantity, 0.666666666666667,1,get bid count,get bid quantity
info,configuration, 0.5,1,update info,update configuration
runtime,auction, 0.5,1,runtime info,auction info
limits,clipboard, 0.666666666666667,1,get limits string,get clipboard string
load,shipping, 0.5,1,do load,do shipping
thumb,seller, 0.5,1,check thumb,check seller
rss,load, 0.5,1,do rss,do load
tab,pasting, 0.5,1,add tab,add pasting
new,help, 0.5,1,do new,do help
child,auction, 0.5,1,add child,add auction
force,insert, 0.5,1,force update,insert update
info,manager, 0.5,1,update info,update manager
stub,snipe, 0.666666666666667,1,jconfig stub tab,jconfig snipe tab
exit,release, 0.5,1,mouse exited,mouse released
border,listener, 0.5,1,cancel border,cancel listener
sum,edit, 0.5,1,do sum,do edit
add,help, 0.5,1,do add,do help
foreground,background, 0.5,1,choose foreground,choose background
comment,configure, 0.5,1,do comment,do configure
force,pause, 0.5,1,force update,pause update
bid,copy, 0.5,1,do bid,do copy
bid,item, 0.666666666666667,1,get bid count,get item count
after,before, 0.5,1,after popup,before popup
table,search, 0.5,1,load tables,load searches
save,delete, 0.5,1,do save,do delete
update,action, 0.5,2,do update,do action,do update,do action
search,affiliate, 0.5,1,do search,do affiliate
stub,firewall, 0.666666666666667,1,jconfig stub tab,jconfig firewall tab
spring,border, 0.5,1,spring layout,border layout
adapter,clicked, 0.5,1,mouse adapter,mouse clicked
item,auction, 0.666666666666667,1,get item count,get auction count
help,serialize, 0.5,1,do help,do serialize
parse,insert, 0.5,1,parse string,insert string
update,command, 0.5,2,do update,do command,do update,do command
action,configure, 0.5,1,do action,do configure
new,snipe, 0.5,3,do new,do snipe,do new,do snipe,do new,do snipe
bitrate,previous, 0.5,1,bitrate index,previous index
bid,channel, 0.666666666666667,1,get bid count,get channel count
to,bitrate, 0.5,1,to string,bitrate string
add,parse, 0.5,1,add auction,parse auction
edit,serialize, 0.5,1,do edit,do serialize
action,affiliate, 0.5,1,do action,do affiliate
to,decode, 0.5,1,to string,decode string
count,iterator, 0.666666666666667,1,get auction count,get auction iterator
type,class, 0.666666666666667,1,get type name,get class name
parse,register, 0.5,1,parse auction,register auction
snipe,handle, 0.5,1,snipe listener,handle listener
menu,frame, 0.5,1,build menu,build frame
jtabbed,jbeditor, 0.5,1,jtabbed pane,jbeditor pane
buy,table, 0.5,1,auction buy,auction table
html,frame, 0.5,1,build html,build frame
dropdown,httpsproxy, 0.666666666666667,1,build dropdown panel,build httpsproxy panel
format,cancel, 0.5,2,format snipe,cancel snipe,cancel snipe,format snipe
child,server, 0.5,1,add child,add server
color,searcher, 0.5,1,title color,title searcher
faq,information, 0.5,1,do faq,do information
shipping,configure, 0.5,1,do shipping,do configure
delete,refilter, 0.5,1,delete auction,refilter auction
add,reload, 0.5,1,add auction,reload auction
seller,snapshot, 0.5,1,check seller,check snapshot
close,deactivate, 0.5,1,window closing,window deactivated
row,item, 0.666666666666667,1,get row count,get item count
file path,mac browser, 0.5,1,jconfig file path tab,jconfig mac browser tab
input,searches, 0.5,1,add input,add searches
action,handle, 0.5,1,action listener,handle listener
new,copy, 0.5,1,do new,do copy
html,search, 0.5,1,build html,build search
jpaste,action, 0.5,1,jpaste listener,action listener
add,periodic, 0.5,1,do add,do periodic
copy,configure, 0.5,1,do copy,do configure
title,seller, 0.5,2,check title,check seller,title searcher,seller searcher
index,string, 0.5,1,bitrate index,bitrate string
jtab,auctions, 0.5,1,jtab manager,auctions manager
sum,update, 0.5,2,do sum,do update,do sum,do update
copy,information, 0.5,1,do copy,do information
load,snipe, 0.5,3,do load,do snipe,do load,do snipe,do load,do snipe
field,properties, 0.5,1,extract field,extract properties
help,delete, 0.5,1,do help,do delete
single,command, 0.5,1,do single,do command
layer,decode, 0.5,1,layer string,decode string
disable,command, 0.5,1,do disable,do command
rss,affiliate, 0.5,1,do rss,do affiliate
menu,pasting, 0.5,1,add menu,add pasting
save,update, 0.5,2,do save,do update,do save,do update
ebay,snipe, 0.666666666666667,1,jconfig ebay tab,jconfig snipe tab
pasting,auction, 0.5,1,add pasting,add auction
save,disable, 0.5,1,do save,do disable
save,serialize, 0.5,1,do save,do serialize
load,serialize, 0.5,1,do load,do serialize
do,add, 0.5,1,do search,add search
buy,affiliate, 0.5,1,do buy,do affiliate
sum,search, 0.5,1,do sum,do search
data,buffer, 0.666666666666667,1,get string data,get string buffer
token,event, 0.5,1,add token,add event
checkbox,httpsproxy, 0.666666666666667,1,build checkbox panel,build httpsproxy panel
ebay,delete, 0.5,1,ebay auction,delete auction
jtext,extract, 0.5,1,jtext field,extract field
buy,information, 0.5,1,do buy,do information
match,register, 0.5,1,match auction,register auction
buy,save, 0.5,1,do buy,do save
jpaste,document, 0.5,1,jpaste listener,document listener
check,build, 0.5,1,check title,build title
browser,comment, 0.5,1,show browser,show comment
entry,comment, 0.5,1,delete entry,delete comment
min,snipe, 0.666666666666667,1,get min bid,get snipe bid
iconified,deiconified, 0.5,1,window iconified,window deiconified
menu,server, 0.5,1,add menu,add server
row,search, 0.666666666666667,2,get row count,get search count,find row,find search
to,prompt, 0.5,1,to string,prompt string
deiconified,deactivated, 0.5,1,window deiconified,window deactivated
page request,default snipe, 0.5,1,get page request time,get default snipe time
jtext,jfilter, 0.5,1,jtext field,jfilter field
bid,token, 0.666666666666667,1,get bid count,get token count
add,verify, 0.5,2,add entry,verify entry,add entry,verify entry
help,copy, 0.5,1,do help,do copy
shipping,affiliate, 0.5,1,do shipping,do affiliate
row,channel, 0.666666666666667,1,get row count,get channel count
clock,thumb, 0.5,1,check clock,check thumb
save,search, 0.5,1,do save,do search
tree,hash, 0.5,1,tree map,hash map
entered,adapter, 0.5,1,mouse entered,mouse adapter
input,output, 0.666666666666667,1,file input stream,file output stream
format,prepare, 0.5,1,format snipe,prepare snipe
multi,cancelled, 0.666666666666667,1,get multi snipe,get cancelled snipe
manager,properties, 0.5,1,jtab manager,jtab properties
comment,information, 0.5,1,do comment,do information
token,column, 0.666666666666667,1,get token count,get column count
init,cancel, 0.5,1,init border,cancel border
faq,single, 0.5,1,do faq,do single
read,write, 0.5,1,read int,write int
load,affiliate, 0.5,1,do load,do affiliate
do,format, 0.5,4,do bid,format bid,do snipe,format snipe,do snipe,format snipe,do snipe,format snipe
rss,help, 0.5,1,do rss,do help
run,status, 0.666666666666667,2,set last run,set last status,get last run,get last status
save,command, 0.5,1,do save,do command
multi,prepare, 0.5,1,multi snipe,prepare snipe
delete,search, 0.5,1,do delete,do search
end,snipe, 0.666666666666667,2,get end date,get snipe date,get next end,get next snipe
sync,table, 0.5,1,sync header,table header
writer,searcher, 0.5,1,string writer,string searcher
text,radio, 0.5,1,text action,radio action
adapter,iconified, 0.5,1,window adapter,window iconified
server,search, 0.75,4,get server by name,get search by index,get search by id,get server by name,get search by name,get server by name,add search,add server
print,comment, 0.5,1,do print,do comment
menu,socket, 0.5,1,server menu,server socket
single,affiliate, 0.5,1,do single,do affiliate
item,token, 0.666666666666667,1,get item count,get token count
buy,shipping, 0.5,1,do buy,do shipping
next,previous, 0.5,1,next index,previous index
single,action, 0.5,1,do single,do action
title,auctions, 0.5,1,check title,check auctions
date,quantity, 0.666666666666667,1,get snipe date,get snipe quantity
add,establish, 0.5,1,add menu,establish menu
add,information, 0.5,1,do add,do information
tag,type, 0.666666666666667,1,get tag name,get type name
search,category, 0.5,1,find search,find category
do,multi, 0.5,3,do snipe,multi snipe,do snipe,multi snipe,do snipe,multi snipe
redraw,verify, 0.5,1,redraw entry,verify entry
exit,over, 0.5,1,drag exit,drag over
edit,load, 0.5,1,do edit,do load
mouse,window, 0.5,1,mouse adapter,window adapter
press,drag, 0.5,1,mouse pressed,mouse dragged
snipe,auctions, 0.5,1,check snipe,check auctions
ebay,load, 0.5,1,ebay auction,load auction
save,authorization, 0.5,1,handle save,handle authorization
help,configure, 0.5,1,do help,do configure
find,build, 0.5,1,find search,build search
do,new, 0.5,1,do search,new search
token,pasting, 0.5,1,add token,add pasting
clock,snipe, 0.5,1,check clock,check snipe
frame,jnsplash, 0.5,1,close frame,close jnsplash
help,save, 0.5,1,do help,do save
count,class, 0.666666666666667,1,get column count,get column class
update,information, 0.5,2,do update,do information,do update,do information
update,affiliate, 0.5,2,do update,do affiliate,do update,do affiliate
rss,sum, 0.5,1,do rss,do sum
border,searches, 0.5,1,cancel border,cancel searches
file,auctions, 0.5,1,load file,load auctions
at,type, 0.666666666666667,1,get token at,get token type
snipe,snapshot, 0.5,1,check snipe,check snapshot
about,delete, 0.5,1,do about,do delete
listen,complete, 0.5,1,snipe listener,snipe completed
drag,seller, 0.5,1,check drag,check seller
print,delete, 0.5,2,print tab,delete tab,do print,do delete
end,singleton, 0.666666666666667,1,is end tag,is singleton tag
affiliate,information, 0.5,1,do affiliate,do information
title,snapshot, 0.5,1,check title,check snapshot
sum,print, 0.5,1,do sum,do print
build,close, 0.5,1,build frame,close frame
radio,abstract, 0.5,1,radio action,abstract action
bid,new, 0.5,1,do bid,do new
entry,comparator, 0.5,1,auction entry,auction comparator
rss,shipping, 0.5,1,do rss,do shipping
update,configure, 0.5,2,do update,do configure,do update,do configure
result,source, 0.5,1,stream result,stream source
grep,find, 0.5,1,content grep,content find
buy,periodic, 0.5,1,do buy,do periodic
search,configure, 0.5,1,do search,do configure
build,establish, 0.5,1,build menu,establish menu
tables,auction, 0.5,1,load tables,load auction
stub,advanced, 0.666666666666667,1,jconfig stub tab,jconfig advanced tab
edit,file, 0.666666666666667,1,establish edit menu,establish file menu
changed,hyperlink, 0.5,1,changed update,hyperlink update
command,periodic, 0.5,1,do command,do periodic
snipe,firewall, 0.666666666666667,1,jconfig snipe tab,jconfig firewall tab
menu,token, 0.5,1,add menu,add token
ebay,match, 0.5,1,ebay auction,match auction
values,manager, 0.5,1,update values,update manager
over,enter, 0.5,1,drag over,drag enter
end,update, 0.666666666666667,1,get next end,get next update
mouse,context, 0.5,1,jbid mouse,jbid context
on,internal, 0.666666666666667,1,on double click,internal double click
buy,copy, 0.5,1,do buy,do copy
side,auction, 0.5,1,side info,auction info
bid,snipe, 0.666666666666667,5,get bid quantity,get snipe quantity,format bid,format snipe,do bid,do snipe,do bid,do snipe,do bid,do snipe
focus,mouse, 0.5,1,focus adapter,mouse adapter
bid,save, 0.5,1,do bid,do save
faq,print, 0.5,1,do faq,do print
bid,edit, 0.5,1,do bid,do edit
execute,configure, 0.5,1,do execute,do configure
writer,reader, 0.5,2,string writer,string reader,buffered writer,buffered reader
length,iterator, 0.5,1,list length,list iterator
sorter,changed, 0.5,1,table sorter,table changed
layer,bitrate, 0.5,1,layer string,bitrate string
ended,snapshot, 0.5,1,check ended,check snapshot
single,periodic, 0.5,1,do single,do periodic
next,multi, 0.666666666666667,1,get next snipe,get multi snipe
advanced,webserver, 0.666666666666667,1,jconfig advanced tab,jconfig webserver tab
update,enable, 0.5,2,do update,do enable,do update,do enable
server,establish, 0.5,1,server menu,establish menu
serialize,configure, 0.5,1,do serialize,do configure
faq,load, 0.5,1,do faq,do load
refilter,register, 0.5,1,refilter auction,register auction
add,next, 0.5,1,add token,next token
bid,faq, 0.5,1,do bid,do faq
edit,update, 0.5,2,do edit,do update,do edit,do update
load,search, 0.5,1,do load,do search
faq,serialize, 0.5,1,do faq,do serialize
single,configure, 0.5,1,do single,do configure
buy,qobject, 0.5,1,auction buy,auction qobject
column,channel, 0.666666666666667,1,get column count,get channel count
check,syntax, 0.5,1,check error,syntax error
disable,configure, 0.5,1,do disable,do configure
init,paint, 0.5,1,init border,paint border
snipe,affiliate, 0.5,3,do snipe,do affiliate,do snipe,do affiliate,do snipe,do affiliate
page,menu, 0.5,1,build page,build menu
new,about, 0.5,1,do new,do about
bidder,column, 0.666666666666667,1,get bidder names,get column names
auction,search, 0.666666666666667,6,load auctions,load searches,search table model,auction table model,delete search,delete auction,add search,add auction,save auctions,save searches,get search count,get auction count
enable,delete, 0.5,1,do enable,do delete
bid,print, 0.5,1,do bid,do print
index,id, 0.75,2,get search by index,get thumbnail by id,get search by id,get search by index
decode,insert, 0.5,1,decode string,insert string
status,comment, 0.5,1,show status,show comment
do,fire, 0.5,1,do copy,fire copy
parse,unregister, 0.5,1,parse auction,unregister auction
print,export, 0.5,1,print tab,export tab
grid,border, 0.5,1,grid layout,border layout
update,runtime, 0.5,1,update info,runtime info
ebay,security, 0.666666666666667,1,jconfig ebay tab,jconfig security tab
list,urlpager, 0.5,1,list iterator,urlpager iterator
urls on,cookies from, 0.6,1,get all urls on page,get all cookies from page
enable,execute, 0.5,1,do enable,do execute
load,copy, 0.5,1,do load,do copy
line,column, 0.666666666666667,1,build line panel,build column panel
time,table, 0.666666666666667,1,get current time,get current table
save,shipping, 0.5,1,do save,do shipping
jdrop,action, 0.5,1,jdrop listener,action listener
key,window, 0.5,1,key adapter,window adapter
single,execute, 0.5,1,do single,do execute
bottom,checkbox, 0.666666666666667,1,build bottom panel,build checkbox panel
start,snipe, 0.666666666666667,1,get start date,get snipe date
faq,configure, 0.5,1,do faq,do configure
tab,auction, 0.5,2,delete tab,delete auction,add tab,add auction
time,manager, 0.5,1,update time,update manager
add,save, 0.5,2,add searches,save searches,do add,do save
snipe,execute, 0.5,3,do snipe,do execute,do snipe,do execute,do snipe,do execute
search,command, 0.5,1,do search,do command
checks,status, 0.666666666666667,1,set column checks,set column status
change,auction, 0.5,1,change table,auction table
default server,affiliate request, 0.5,1,get default server time,get affiliate request time
error,thumb, 0.5,1,check error,check thumb
single,enable, 0.5,1,do single,do enable
rss,new, 0.5,1,do rss,do new
dialogue,cancel, 0.5,1,snipe dialog,snipe cancelled
server,pasting, 0.5,1,add server,add pasting
buy,help, 0.5,1,do buy,do help
closing,deiconified, 0.5,1,window closing,window deiconified
search,unescaped, 0.5,1,find search,find unescaped
table,stats, 0.5,1,auction table,auction stats
grid,spring, 0.5,1,grid layout,spring layout
event,auction, 0.5,1,add event,add auction
print,information, 0.5,1,do print,do information
help,file, 0.666666666666667,1,establish help menu,establish file menu
help,information, 0.5,1,do help,do information
drag,title, 0.5,1,check drag,check title
load,command, 0.5,1,do load,do command
font,foreground, 0.5,1,choose font,choose foreground
help,execute, 0.5,1,do help,do execute
print,search, 0.5,1,do print,do search
mode,bitrate, 0.5,1,mode string,bitrate string
firewall,webserver, 0.666666666666667,1,jconfig firewall tab,jconfig webserver tab
entry,input, 0.5,3,del entry,del input,add entry,add input,add entry,add input
title,snipe, 0.5,1,check title,check snipe
buy,update, 0.5,2,do buy,do update,do buy,do update
searches,thumbnail, 0.5,1,save searches,save thumbnail
time,quantity, 0.666666666666667,2,get default snipe time,get cancelled snipe quantity,get snipe time,get snipe quantity
do,insert, 0.5,2,do update,insert update,do update,insert update
entry,event, 0.5,2,add entry,add event,add entry,add event
about,authorization, 0.5,1,handle about,handle authorization
bid,periodic, 0.5,1,do bid,do periodic
status,channel, 0.666666666666667,1,get status count,get channel count
remove,changed, 0.5,1,remove update,changed update
line,authorization, 0.5,1,handle line,handle authorization
jdrop,cancel, 0.5,1,jdrop listener,cancel listener
save,about, 0.5,2,handle save,handle about,do save,do about
snipe,information, 0.5,3,do snipe,do information,do snipe,do information,do snipe,do information
new,find, 0.5,1,new search,find search
command,serialize, 0.5,1,do command,do serialize
proxy,httpsproxy, 0.666666666666667,1,build proxy panel,build httpsproxy panel
input,search, 0.5,1,add input,add search
drag,click, 0.5,1,mouse dragged,mouse clicked
menu,entry, 0.5,2,add menu,add entry,add menu,add entry
stream,label, 0.5,1,get data from stream,get number from label
match,refilter, 0.5,1,match auction,refilter auction
stats,comparator, 0.5,1,auction stats,auction comparator
jtab,thumbnail, 0.5,1,jtab manager,thumbnail manager
rss,comment, 0.5,1,do rss,do comment
tab,column, 0.666666666666667,1,get tab name,get column name
execute,shipping, 0.5,1,do execute,do shipping
load,match, 0.5,1,load auction,match auction
ebay,advanced, 0.666666666666667,1,jconfig ebay tab,jconfig advanced tab
drag,snapshot, 0.5,1,check drag,check snapshot
faq,periodic, 0.5,1,do faq,do periodic
tab,input, 0.5,1,add tab,add input
bid,table, 0.5,1,auction bid,auction table
update,string, 0.5,1,insert update,insert string
build,jpopup, 0.5,1,build menu,jpopup menu
search,periodic, 0.5,1,do search,do periodic
file,string, 0.5,1,file writer,string writer
search,pasting, 0.5,1,add search,add pasting
jtool,jprogress, 0.5,1,jtool bar,jprogress bar
delete,information, 0.5,1,do delete,do information
verify,auction, 0.5,1,verify entry,auction entry
delete,reload, 0.5,1,delete auction,reload auction
category,unescaped, 0.5,1,find category,find unescaped
add,disable, 0.5,1,do add,do disable
load,action, 0.5,1,do load,do action
new,serialize, 0.5,1,do new,do serialize
time,values, 0.5,1,update time,update values
encode,dequeue, 0.5,1,encode object,dequeue object
add,enable, 0.5,1,do add,do enable
copy,disable, 0.5,1,do copy,do disable
action,delete, 0.5,1,do action,do delete
help,edit, 0.666666666666667,2,establish help menu,establish edit menu,do help,do edit
help,print, 0.5,1,do help,do print
search,status, 0.666666666666667,1,get search count,get status count
faq,comment, 0.5,1,do faq,do comment
entry,auction, 0.5,3,delete entry,delete auction,add entry,add auction,add entry,add auction
parse,jconfig, 0.5,1,parse frame,jconfig frame
sum,configure, 0.5,1,do sum,do configure
name,table, 0.5,1,auction name,auction table
stub,browser, 0.666666666666667,1,jconfig stub tab,jconfig browser tab
input,auction, 0.5,1,add input,add auction
fatal,check, 0.5,1,fatal error,check error
delete,configure, 0.5,1,do delete,do configure
bottom,dropdown, 0.666666666666667,1,build bottom panel,build dropdown panel
token,index, 0.5,1,next token,next index
buy,serialize, 0.5,1,do buy,do serialize
min,uscur, 0.666666666666667,1,get min bid,get uscur bid
snipe,header, 0.666666666666667,1,get snipe value,get header value
dutch,bidder, 0.666666666666667,1,is high dutch,is high bidder
value,padding, 0.666666666666667,1,get snipe value,get snipe padding
bid,update, 0.5,2,do bid,do update,do bid,do update
proxy,context, 0.5,1,jbid proxy,jbid context
tag,about, 0.5,1,handle tag,handle about
column,auction, 0.666666666666667,1,get column count,get auction count
indexed,htmlfor, 0.666666666666667,1,get indexed entry,get htmlfor entry
snipe,searches, 0.5,2,cancel snipe,cancel searches,cancel snipe,cancel searches
event,searches, 0.5,1,add event,add searches
title,search, 0.5,1,build title,build search
padding,quantity, 0.666666666666667,1,get snipe padding,get snipe quantity
add,cancel, 0.5,1,add searches,cancel searches
faq,sum, 0.5,1,do faq,do sum
tag,column, 0.666666666666667,1,get tag name,get column name
about,update, 0.5,2,do about,do update,do about,do update
single,serialize, 0.5,1,do single,do serialize
print,disable, 0.5,1,do print,do disable
remove,insert, 0.5,1,remove update,insert update
pause,remove, 0.5,1,pause update,remove update
prompt,decode, 0.5,1,prompt string,decode string
prefs,listener, 0.5,1,handle prefs,handle listener
copy,action, 0.5,1,do copy,do action
help,action, 0.5,1,do help,do action
tab,entry, 0.5,3,delete tab,delete entry,add tab,add entry,add tab,add entry
proxy,column, 0.666666666666667,1,build proxy panel,build column panel
about,comment, 0.5,1,do about,do comment
action,document, 0.5,1,action listener,document listener
enter,drag, 0.5,1,mouse entered,mouse dragged
add,affiliate, 0.5,1,do add,do affiliate
edit,search, 0.5,1,do edit,do search
exit,drag, 0.5,1,mouse exited,mouse dragged
add,updater, 0.5,2,add entry,updater entry,add entry,updater entry
child,input, 0.5,1,add child,add input
search,serialize, 0.5,1,do search,do serialize
multi,token, 0.5,1,add multi,add token
position,searches, 0.5,1,save position,save searches
underline,placeholder, 0.5,1,underline text,placeholder text
int,header, 0.5,1,read int,read header
filter,auction, 0.5,1,load filters,load auctions
delete,comment, 0.5,1,do delete,do comment
faq,shipping, 0.5,1,do faq,do shipping
search,execute, 0.5,1,do search,do execute
ebay,general, 0.666666666666667,1,jconfig ebay tab,jconfig general tab
snapshot,auctions, 0.5,1,check snapshot,check auctions
buy,action, 0.5,1,do buy,do action
line,bottom, 0.666666666666667,1,build line panel,build bottom panel
name,comparator, 0.5,1,auction name,auction comparator
search,shipping, 0.5,1,do search,do shipping
buy,configure, 0.5,1,do buy,do configure
snipe,serialize, 0.5,3,do snipe,do serialize,do snipe,do serialize,do snipe,do serialize
bid,padding, 0.666666666666667,1,get snipe bid,get snipe padding
save,copy, 0.5,1,do save,do copy
bid,entry, 0.5,1,auction bid,auction entry
bid,repeat, 0.666666666666667,1,get bid count,get repeat count
ebay,firewall, 0.666666666666667,1,jconfig ebay tab,jconfig firewall tab
log,cookie, 0.5,1,log exception,cookie exception
drag,auctions, 0.5,1,check drag,check auctions
drag,ended, 0.5,1,check drag,check ended
verify,updater, 0.5,1,verify entry,updater entry
rss,about, 0.5,1,do rss,do about
real,first, 0.666666666666667,1,get real content,get first content
faq,rss, 0.5,1,do faq,do rss
mouse,proxy, 0.5,1,jbid mouse,jbid proxy
add,jpopup, 0.5,1,add menu,jpopup menu
complete,cancel, 0.5,1,snipe completed,snipe cancelled
default snipe,affiliate request, 0.5,1,get default snipe time,get affiliate request time
reload,refilter, 0.5,1,reload auction,refilter auction
refilter,unregister, 0.5,1,refilter auction,unregister auction
add,rss, 0.5,1,do add,do rss
new,delete, 0.5,2,do new,do delete,new search,delete search
add,single, 0.5,1,do add,do single
snipe,cancel, 0.5,1,snipe listener,cancel listener
frame,search, 0.5,1,build frame,build search
full,value, 0.666666666666667,1,create full table,create value table
value,limits, 0.666666666666667,1,get value string,get limits string
layer,insert, 0.5,1,layer string,insert string
multi,server, 0.5,1,add multi,add server
value,quantity, 0.666666666666667,1,get snipe value,get snipe quantity
sum,command, 0.5,1,do sum,do command
execute,affiliate, 0.5,1,do execute,do affiliate
periodic,information, 0.5,1,do periodic,do information
next,bitrate, 0.5,1,next index,bitrate index
disable,serialize, 0.5,1,do disable,do serialize
value at,column class, 0.6,1,get sort by value at,get sort by column class
bytes,object, 0.5,1,encode bytes,encode object
drag,clock, 0.5,1,check drag,check clock
thumb,auctions, 0.5,1,check thumb,check auctions
execute,periodic, 0.5,1,do execute,do periodic
faq,delete, 0.5,1,do faq,do delete
faq,snipe, 0.5,3,do faq,do snipe,do faq,do snipe,do faq,do snipe
rss,single, 0.5,1,do rss,do single
jar,exception, 0.5,1,cookie jar,cookie exception
jtext,jpassword, 0.5,1,jtext field,jpassword field
parse,reload, 0.5,1,parse auction,reload auction
at,string, 0.666666666666667,1,get value at,get value string
auction,searches, 0.5,2,load auction,load searches,add auction,add searches
new,execute, 0.5,1,do new,do execute
load,enable, 0.5,1,do load,do enable
delete,unregister, 0.5,1,delete auction,unregister auction
general,browser, 0.666666666666667,1,jconfig general tab,jconfig browser tab
entry,token, 0.5,2,add entry,add token,add entry,add token
radio,message, 0.5,1,radio action,message action
snipe,enable, 0.5,3,do snipe,do enable,do snipe,do enable,do snipe,do enable
search,jconfig, 0.5,1,search frame,jconfig frame
parse,decode, 0.5,1,parse string,decode string
text,limit, 0.5,1,text action,limit action
bid,affiliate, 0.5,1,do bid,do affiliate
edit,affiliate, 0.5,1,do edit,do affiliate
jpopup,server, 0.5,1,jpopup menu,server menu
search,comment, 0.5,2,delete search,delete comment,do search,do comment
type,count, 0.666666666666667,1,get token type,get token count
target,qobject, 0.5,1,drop target,drop qobject
buy,edit, 0.5,1,do buy,do edit
mode,decode, 0.5,1,mode string,decode string
tab,currency, 0.666666666666667,1,build tab list,build currency list
prefs,authorization, 0.5,1,handle prefs,handle authorization
add,shipping, 0.5,1,do add,do shipping
bottom,username, 0.666666666666667,1,build bottom panel,build username panel
multi,search, 0.5,1,add multi,add search
color,background, 0.666666666666667,1,snipe bid color,snipe bid background
deleted,thumbnail, 0.5,1,deleted manager,thumbnail manager
token,search, 0.666666666666667,2,add token,add search,get token count,get search count
update,filter, 0.5,1,update manager,filter manager
save,print, 0.5,1,do save,do print
mode,encode, 0.5,1,mode string,encode string
action,command, 0.5,1,do action,do command
tab,class, 0.666666666666667,1,get tab name,get class name
watch,proxy, 0.5,1,jbid watch,jbid proxy
clock,seller, 0.5,1,check clock,check seller
general,advanced, 0.666666666666667,1,jconfig general tab,jconfig advanced tab
html,next, 0.5,1,html token,next token
line,about, 0.5,1,handle line,handle about
pause,hyperlink, 0.5,1,pause update,hyperlink update
cancel,document, 0.5,1,cancel listener,document listener
tab,tag, 0.666666666666667,1,get tab name,get tag name
sum,about, 0.5,1,do sum,do about
parse,close, 0.5,1,parse frame,close frame
multi,check, 0.5,1,multi snipe,check snipe
catch,ignore, 0.75,1,catch cookies in redirects,ignore cookies in redirects
print,snipe, 0.5,3,do print,do snipe,do snipe,do print,do snipe,do print
snipe,current, 0.666666666666667,1,get snipe time,get current time
new,shipping, 0.5,1,do new,do shipping
jbid,jsearch, 0.5,1,jbid context,jsearch context
table,value, 0.5,1,table changed,value changed
transfer,uncompressed, 0.666666666666667,1,get transfer data,get uncompressed data
bid,command, 0.5,1,do bid,do command
new,sum, 0.5,1,do new,do sum
update,auction, 0.5,1,update info,auction info
dropdown,username, 0.666666666666667,1,build dropdown panel,build username panel
copy,delete, 0.5,1,do copy,do delete
jtab,search, 0.5,1,jtab manager,search manager
faq,disable, 0.5,1,do faq,do disable
new,edit, 0.5,1,do new,do edit
props,state, 0.5,1,column props,column state
print,shipping, 0.5,1,do print,do shipping
execute,disable, 0.5,1,do execute,do disable
count,location, 0.666666666666667,1,get item count,get item location
watch,mouse, 0.5,1,jbid watch,jbid mouse
help,single, 0.5,1,do help,do single
load,unregister, 0.5,1,load auction,unregister auction
help,periodic, 0.5,1,do help,do periodic
at,count, 0.666666666666667,1,get token at,get token count
tag,authorization, 0.5,1,handle tag,handle authorization
parse,bitrate, 0.5,1,parse string,bitrate string
sum,disable, 0.5,1,do sum,do disable
clock,error, 0.5,1,check clock,check error
jtab,deleted, 0.5,1,jtab manager,deleted manager
last,column, 0.666666666666667,1,set last status,set column status
index,url, 0.5,1,get search by index,get thumbnail by url
count,result, 0.666666666666667,1,get bid count,get bid result
buffer,selection, 0.5,1,string buffer,string selection
help,comment, 0.5,1,do help,do comment
action,config, 0.666666666666667,1,get action value,get config value
rss,command, 0.5,1,do rss,do command
tab,type, 0.666666666666667,1,get tab name,get type name
del,delete, 0.5,1,del entry,delete entry
class,server, 0.666666666666667,1,get class name,get server name
bid,disable, 0.5,1,do bid,do disable
faq,execute, 0.5,1,do faq,do execute
load,configure, 0.5,1,do load,do configure
header,changed, 0.5,1,table header,table changed
edit,copy, 0.5,1,do edit,do copy
redraw,updater, 0.5,1,redraw entry,updater entry
search,channel, 0.666666666666667,1,get search count,get channel count
error,snapshot, 0.5,1,check error,check snapshot
do,remove, 0.5,2,do update,remove update,do update,remove update
multi,event, 0.5,1,add multi,add event
page,affiliate, 0.75,1,get page request time,get affiliate request time
next,first, 0.666666666666667,1,get next content,get first content
frame,auction, 0.5,1,parse frame,parse auction
bottom,column, 0.666666666666667,1,build bottom panel,build column panel
base,sort, 0.5,1,base transformation,sort transformation
date,time, 0.666666666666667,1,get snipe date,get snipe time
save,cancel, 0.5,1,save searches,cancel searches
encode,insert, 0.5,1,encode string,insert string
rss,snipe, 0.5,3,do rss,do snipe,do rss,do snipe,do rss,do snipe
input,server, 0.5,1,add input,add server
to,layer, 0.5,1,to string,layer string
file,filters, 0.5,1,load file,load filters
string,search, 0.5,1,load strings,load searches
btn,info, 0.666666666666667,1,make btn panel,make info panel
about,execute, 0.5,1,do about,do execute
match,reload, 0.5,1,match auction,reload auction
text,message, 0.5,1,text action,message action
build,parse, 0.5,1,build frame,parse frame
drag,error, 0.5,1,check drag,check error
bid,add, 0.5,1,do bid,do add
load,refilter, 0.5,1,load auction,refilter auction
about,configure, 0.5,1,do about,do configure
general,webserver, 0.666666666666667,1,jconfig general tab,jconfig webserver tab
message,abstract, 0.5,1,message action,abstract action
count,names, 0.666666666666667,1,get column count,get column names
quit,authorization, 0.5,1,handle quit,handle authorization
add,html, 0.5,1,add token,html token
rss,information, 0.5,1,do rss,do information
needs,handle, 0.5,1,needs authorization,handle authorization
child,event, 0.5,1,add child,add event
bid,information, 0.5,1,do bid,do information
load,reload, 0.5,1,load auction,reload auction
bid,auction, 0.666666666666667,1,get bid count,get auction count
type,symbol, 0.666666666666667,1,get currency type,get currency symbol
copy,periodic, 0.5,1,do copy,do periodic
title,thumb, 0.5,1,check title,check thumb
parse,encode, 0.5,1,parse string,encode string
pause,changed, 0.5,1,pause update,changed update
cur,uscur, 0.666666666666667,1,get cur bid,get uscur bid
snipe,config, 0.666666666666667,1,get snipe value,get config value
add,load, 0.5,3,add searches,load searches,add auction,load auction,do add,do load
value,object, 0.666666666666667,1,get value at,get object at
match,unregister, 0.5,1,match auction,unregister auction
bid,stats, 0.5,1,auction bid,auction stats
ebay,reload, 0.5,1,ebay auction,reload auction
mouse,jmouse, 0.5,1,mouse adapter,jmouse adapter
browser,advanced, 0.666666666666667,1,jconfig browser tab,jconfig advanced tab
bytes,string, 0.5,1,encode bytes,encode string
buy,single, 0.5,1,do buy,do single
enable,command, 0.5,1,do enable,do command
print,single, 0.5,1,do print,do single
save,snipe, 0.5,3,do save,do snipe,do save,do snipe,do save,do snipe
edit,shipping, 0.5,1,do edit,do shipping
tag,prefs, 0.5,1,handle tag,handle prefs
tag,listener, 0.5,1,handle tag,handle listener
delete,redraw, 0.5,1,delete entry,redraw entry
prompt,encode, 0.5,1,prompt string,encode string
print,update, 0.5,2,do print,do update,do print,do update
check,cancel, 0.5,2,check snipe,cancel snipe,check snipe,cancel snipe
int,frame, 0.5,1,read int,read frame
do,hyperlink, 0.5,2,do update,hyperlink update,do update,hyperlink update
child,pasting, 0.5,1,add child,add pasting
snipe,search, 0.5,3,do snipe,do search,do snipe,do search,do snipe,do search
line,dropdown, 0.666666666666667,1,build line panel,build dropdown panel
find,delete, 0.5,1,find search,delete search
ended,seller, 0.5,1,check ended,check seller
rss,disable, 0.5,1,do rss,do disable
copy,feed, 0.5,1,fire copy,fire feed
qobject,comparator, 0.5,1,auction qobject,auction comparator
edit,auction, 0.666666666666667,1,establish edit menu,establish auction menu
close,search, 0.5,1,close frame,search frame
count,number, 0.666666666666667,1,get column count,get column number
string,uncompressed, 0.666666666666667,1,get string data,get uncompressed data
iconified,deactivated, 0.5,1,window iconified,window deactivated
string,auction, 0.5,2,load strings,load auctions,parse string,parse auction
adapter,released, 0.5,2,key adapter,key released,mouse adapter,mouse released
buy,entry, 0.5,1,auction buy,auction entry
dropdown,checkbox, 0.666666666666667,1,build dropdown panel,build checkbox panel
buy,about, 0.5,1,do buy,do about
copy,execute, 0.5,1,do copy,do execute
buy,delete, 0.5,1,do buy,do delete
snipe,webserver, 0.666666666666667,1,jconfig snipe tab,jconfig webserver tab
del,redraw, 0.5,1,del entry,redraw entry
menu,html, 0.5,1,build menu,build html
snipe,listener, 0.5,2,cancel snipe,cancel listener,cancel snipe,cancel listener
help,snipe, 0.5,3,do help,do snipe,do help,do snipe,do help,do snipe
token,input, 0.5,1,add token,add input
bid,comment, 0.5,1,do bid,do comment
buy,enable, 0.5,1,do buy,do enable
name,numb, 0.666666666666667,1,get column names,get column number
ebay,establish, 0.666666666666667,1,ebay server menu,establish server menu
rss,edit, 0.5,1,do rss,do edit
bid,help, 0.5,1,do bid,do help
help,load, 0.5,1,do help,do load
search,repeat, 0.666666666666667,1,get search count,get repeat count
rss,buy, 0.5,1,do rss,do buy
rss,execute, 0.5,1,do rss,do execute
single,delete, 0.5,1,do single,do delete
bid,comparator, 0.5,1,auction bid,auction comparator
item,repeat, 0.666666666666667,1,get item count,get repeat count
copy,snipe, 0.5,3,do copy,do snipe,do copy,do snipe,do copy,do snipe
row,unescaped, 0.5,1,find row,find unescaped
comment,periodic, 0.5,1,do comment,do periodic
reader,searcher, 0.5,1,string reader,string searcher
print,serialize, 0.5,1,do print,do serialize
quit,prefs, 0.5,1,handle quit,handle prefs
bid,status, 0.666666666666667,1,get bid count,get status count
width,header, 0.666666666666667,1,set width value,set header value
close,jconfig, 0.5,1,close frame,jconfig frame
enter,release, 0.5,1,mouse entered,mouse released
delete,updater, 0.5,1,delete entry,updater entry
bid,qobject, 0.5,1,auction bid,auction qobject
buy,stats, 0.5,1,auction buy,auction stats
save,periodic, 0.5,1,do save,do periodic
jfilter,jpassword, 0.5,1,jfilter field,jpassword field
bid,serialize, 0.5,1,do bid,do serialize
name,url, 0.5,2,get server by name,get thumbnail by url,get search by name,get thumbnail by url
info,entry, 0.5,1,auction info,auction entry
tag,quit, 0.5,1,handle tag,handle quit
clock,title, 0.5,1,check clock,check title
cancel,prepare, 0.5,2,cancel snipe,prepare snipe,cancel snipe,prepare snipe
bid,enable, 0.5,1,do bid,do enable
enable,comment, 0.5,1,do enable,do comment
add,snipe, 0.5,3,do add,do snipe,do add,do snipe,do add,do snipe
snipe,action, 0.666666666666667,5,snipe listener,action listener,get snipe value,get action value,do snipe,do action,do snipe,do action,do snipe,do action
read,close, 0.5,1,read frame,close frame
buy,command, 0.5,1,do buy,do command
copy,print, 0.5,1,do copy,do print
do,changed, 0.5,2,do update,changed update,do update,changed update
faq,action, 0.5,1,do faq,do action
multi,format, 0.5,1,multi snipe,format snipe
save,listener, 0.5,1,handle save,handle listener
status,auction, 0.666666666666667,1,get status count,get auction count
next,real, 0.666666666666667,1,get next content,get real content
tab,child, 0.5,1,add tab,add child
listen,cancel, 0.5,1,snipe listener,snipe cancelled
after,evaluate, 0.5,1,after popup,evaluate popup
edit,about, 0.5,1,do edit,do about
build,delete, 0.5,1,build search,delete search
info,qobject, 0.5,1,auction info,auction qobject
enable,affiliate, 0.5,1,do enable,do affiliate
listen,perform, 0.5,1,action listener,action performed
sum,enable, 0.5,1,do sum,do enable
sorter,header, 0.5,1,table sorter,table header
zone,delta, 0.8,1,get official server time zone,get official server time delta
new,disable, 0.5,1,do new,do disable
bottom,httpsproxy, 0.666666666666667,1,build bottom panel,build httpsproxy panel
save,comment, 0.5,1,do save,do comment
faq,buy, 0.5,1,do faq,do buy
comment,serialize, 0.5,1,do comment,do serialize
token,auction, 0.666666666666667,2,add token,add auction,get token count,get auction count
register,unregister, 0.5,1,register auction,unregister auction
copy,single, 0.5,1,do copy,do single
enable,serialize, 0.5,1,do enable,do serialize
delete,auction, 0.5,2,deleted manager,auctions manager,delete entry,auction entry
font,idcolor, 0.5,1,choose font,choose idcolor
do,delete, 0.5,2,do comment,delete comment,do search,delete search
cur,snipe, 0.666666666666667,1,get cur bid,get snipe bid
snipe,content, 0.666666666666667,1,get next snipe,get next content
update,disable, 0.5,2,do update,do disable,do update,do disable
do,radio, 0.5,1,do action,radio action
string,browsable, 0.75,1,get string urlfrom item,get browsable urlfrom item
save,action, 0.5,1,do save,do action
search,column, 0.666666666666667,1,get search count,get column count
result,quantity, 0.666666666666667,1,get bid result,get bid quantity
update,pattern, 0.5,1,remove update,remove pattern
search,deleted, 0.5,1,search manager,deleted manager
bid,time, 0.666666666666667,1,get snipe bid,get snipe time
rss,configure, 0.5,1,do rss,do configure
edit,browser, 0.5,1,show edit,show browser
add,edit, 0.5,1,do add,do edit
execute,serialize, 0.5,1,do execute,do serialize
exited,adapter, 0.5,1,mouse exited,mouse adapter
add,refilter, 0.5,1,add auction,refilter auction
new,action, 0.5,1,do new,do action
filter,search, 0.5,2,load filters,load searches,search manager,filter manager
sum,delete, 0.5,1,do sum,do delete
jdrop,jpaste, 0.5,1,jdrop listener,jpaste listener
rss,search, 0.5,1,do rss,do search
do,find, 0.5,1,do search,find search
accept,jtable, 0.5,1,accept drop,jtable drop
menu,searches, 0.5,1,add menu,add searches
faq,new, 0.5,1,do faq,do new
file,searches, 0.5,1,load file,load searches
key,mouse, 0.5,3,key pressed,mouse pressed,key released,mouse released,key adapter,mouse adapter
single,disable, 0.5,1,do single,do disable
to,encode, 0.5,1,to string,encode string
class,column, 0.666666666666667,1,get class name,get column name
periodic,configure, 0.5,1,do periodic,do configure
jtabbed,jscroll, 0.5,1,jtabbed pane,jscroll pane
enter,click, 0.5,1,mouse entered,mouse clicked
help,enable, 0.5,1,do help,do enable
help,affiliate, 0.5,1,do help,do affiliate
about,print, 0.5,1,do about,do print
buy,print, 0.5,1,do buy,do print
reader,selection, 0.5,1,string reader,string selection
dialogue,complete, 0.5,1,snipe dialog,snipe completed
manager,uimodel, 0.5,1,auctions manager,auctions uimodel
file,strings, 0.5,1,load file,load strings
redraw,auction, 0.5,1,redraw entry,auction entry
force,hyperlink, 0.5,1,force update,hyperlink update
find,lookup, 0.5,1,content find,content lookup
time,dump, 0.5,1,time queue,dump queue
action,execute, 0.5,1,do action,do execute
sum,single, 0.5,1,do sum,do single
delete,shipping, 0.5,1,do delete,do shipping
line,httpsproxy, 0.666666666666667,1,build line panel,build httpsproxy panel
do,text, 0.5,1,do action,text action
bid,sum, 0.5,1,do bid,do sum
page,search, 0.5,1,build page,build search
handle,cancel, 0.5,1,handle listener,cancel listener
enable,search, 0.5,1,do enable,do search
snipe,document, 0.5,1,snipe listener,document listener
help,update, 0.5,2,do help,do update,do help,do update
event,server, 0.5,1,add event,add server
do,show, 0.5,2,do comment,show comment,do edit,show edit
copy,update, 0.5,2,do copy,do update,do copy,do update
snipe,border, 0.5,2,cancel snipe,cancel border,cancel snipe,cancel border
faq,search, 0.5,1,do faq,do search
add,server, 0.5,1,add menu,server menu
entry,search, 0.5,3,delete entry,delete search,add entry,add search,add entry,add search
position,auctions, 0.5,1,save position,save auctions
update,single, 0.5,2,do update,do single,do update,do single
handle,document, 0.5,1,handle listener,document listener
header,config, 0.666666666666667,1,get header value,get config value
browser,webserver, 0.666666666666667,1,jconfig browser tab,jconfig webserver tab
about,single, 0.5,1,do about,do single
reload,register, 0.5,1,reload auction,register auction
add,register, 0.5,1,add auction,register auction
item,channel, 0.666666666666667,1,get item count,get channel count
reader,stream, 0.75,1,get data from reader,get data from stream
load,huffman, 0.5,1,load tables,huffman tables
delete,periodic, 0.5,1,do delete,do periodic
click,release, 0.5,1,mouse clicked,mouse released
drag,thumb, 0.5,1,check drag,check thumb
update,execute, 0.5,2,do update,do execute,do update,do execute
exit,enter, 0.5,2,drag exit,drag enter,mouse exited,mouse entered
buy,load, 0.5,1,do buy,do load
del,updater, 0.5,1,del entry,updater entry
parse,layer, 0.5,1,parse string,layer string
add,del, 0.5,3,add input,del input,del entry,add entry,add entry,del entry
multi,cancel, 0.5,2,multi snipe,cancel snipe,multi snipe,cancel snipe
bid,single, 0.5,1,do bid,do single
values,configuration, 0.5,1,update values,update configuration
string,restore, 0.5,1,string selection,restore selection
table,filter, 0.5,1,load tables,load filters
url,something, 0.666666666666667,1,do copy url,do copy something
save,quit, 0.5,1,handle save,handle quit
error,ended, 0.5,1,check error,check ended
timer,jbwdrop, 0.5,1,timer handler,jbwdrop handler
update,serialize, 0.5,2,do update,do serialize,do update,do serialize
new,update, 0.5,2,do new,do update,do new,do update
security,firewall, 0.666666666666667,1,jconfig security tab,jconfig firewall tab
row,status, 0.666666666666667,1,get row count,get status count
disable,information, 0.5,1,do disable,do information
command,affiliate, 0.5,1,do command,do affiliate
tag,class, 0.666666666666667,1,get tag name,get class name
save,edit, 0.5,1,do save,do edit
ebay,browser, 0.666666666666667,1,jconfig ebay tab,jconfig browser tab
tag,server, 0.666666666666667,2,get tag name,get server name,set tag name,set server name
title,ended, 0.5,1,check title,check ended
add,unregister, 0.5,1,add auction,unregister auction
mode,layer, 0.5,1,mode string,layer string
current,official, 0.666666666666667,1,get current time,get official time
name,index, 0.75,2,get server by name,get search by index,get search by name,get search by index
status,repeat, 0.666666666666667,1,get status count,get repeat count
update,thumbnail, 0.5,1,update manager,thumbnail manager
security,webserver, 0.666666666666667,1,jconfig security tab,jconfig webserver tab
copy,affiliate, 0.5,1,do copy,do affiliate
config,search, 0.666666666666667,1,create config frame,create search frame
time,padding, 0.666666666666667,1,get snipe time,get snipe padding
prev,real, 0.666666666666667,1,get prev content,get real content
decode,bitrate, 0.5,1,decode string,bitrate string
faq,help, 0.5,1,do faq,do help
insert,changed, 0.5,1,insert update,changed update
thumb,snapshot, 0.5,1,check thumb,check snapshot
periodic,shipping, 0.5,1,do periodic,do shipping
server,searches, 0.5,1,add server,add searches
idcolor,background, 0.5,1,choose idcolor,choose background
line,username, 0.666666666666667,1,build line panel,build username panel
copy,enable, 0.5,1,do copy,do enable
update,periodic, 0.5,2,do update,do periodic,do update,do periodic
ended,snipe, 0.5,1,check ended,check snipe
add,build, 0.5,2,add menu,build menu,add search,build search
byte,string, 0.5,1,byte buffer,string buffer
add,copy, 0.5,1,do add,do copy
line,save, 0.5,1,handle line,handle save
quit,about, 0.5,1,handle quit,handle about
search,auctions, 0.5,1,search manager,auctions manager
exit,press, 0.5,1,mouse exited,mouse pressed
xml,string, 0.5,1,to xml,to string
id,url, 0.75,3,get thumbnail by id,get thumbnail by url,get search by id,get thumbnail by url,do copy id,do copy url
check,prepare, 0.5,1,check snipe,prepare snipe
read,sync, 0.5,1,read header,sync header
add,print, 0.5,2,add tab,print tab,do add,do print
action,enable, 0.5,1,do action,do enable
bid,configure, 0.5,1,do bid,do configure
add,search, 0.5,1,do add,do search
single,shipping, 0.5,1,do single,do shipping
add,export, 0.5,1,add tab,export tab
edit,debug, 0.666666666666667,1,establish edit menu,establish debug menu
rss,enable, 0.5,1,do rss,do enable
enable,disable, 0.5,1,do enable,do disable
type,server, 0.666666666666667,1,get type name,get server name
jdrop,document, 0.5,1,jdrop listener,document listener
bid,execute, 0.5,1,do bid,do execute
new,single, 0.5,1,do new,do single
read,jconfig, 0.5,1,read frame,jconfig frame
filter,string, 0.5,1,load filters,load strings
load,single, 0.5,1,do load,do single
help,debug, 0.666666666666667,1,establish help menu,establish debug menu
status,browser, 0.5,1,show status,show browser
periodic,serialize, 0.5,1,do periodic,do serialize
force,changed, 0.5,1,force update,changed update
execute,information, 0.5,1,do execute,do information
time,value, 0.666666666666667,1,get snipe time,get snipe value
line,checkbox, 0.666666666666667,1,build line panel,build checkbox panel
info,table, 0.5,1,auction info,auction table
ebay,unregister, 0.5,1,ebay auction,unregister auction
affiliate,configure, 0.5,1,do affiliate,do configure
file,debug, 0.666666666666667,1,establish file menu,establish debug menu
new,print, 0.5,1,do new,do print
filter,auctions, 0.5,1,filter manager,auctions manager
name,class, 0.666666666666667,1,get column name,get column class
shipping,serialize, 0.5,1,do shipping,do serialize
update,delete, 0.5,2,do update,do delete,do update,do delete
rss,serialize, 0.5,1,do rss,do serialize
jscroll,jbeditor, 0.5,1,jscroll pane,jbeditor pane
count,server, 0.666666666666667,1,get auction count,get auction server
load,print, 0.5,1,do load,do print
snipe,jpaste, 0.5,1,snipe listener,jpaste listener
tab,token, 0.5,1,add tab,add token
bid,shipping, 0.5,1,do bid,do shipping
string,transfer, 0.666666666666667,1,get string data,get transfer data
save,execute, 0.5,1,do save,do execute
buy,execute, 0.5,1,do buy,do execute
snipe,advanced, 0.666666666666667,1,jconfig snipe tab,jconfig advanced tab
edit,status, 0.5,1,show edit,show status
edit,print, 0.5,1,do edit,do print
periodic,affiliate, 0.5,1,do periodic,do affiliate
match,parse, 0.5,1,match auction,parse auction
update,shipping, 0.5,2,do update,do shipping,do update,do shipping
paint,cancel, 0.5,1,paint border,cancel border
add,execute, 0.5,1,do add,do execute
to,mode, 0.5,1,to string,mode string
about,periodic, 0.5,1,do about,do periodic
build,output, 0.5,1,build html,output html
add,delete, 0.5,6,add tab,delete tab,add entry,delete entry,add entry,delete entry,add auction,delete auction,do add,do delete,add search,delete search
snipe,server, 0.75,2,has default snipe time,get default server time,get default snipe time,get default server time
snipe,general, 0.666666666666667,1,jconfig snipe tab,jconfig general tab
prep,auction, 0.5,1,prep table,auction table
load,save, 0.5,3,load auctions,save auctions,load searches,save searches,do save,do load
stub,security, 0.666666666666667,1,jconfig stub tab,jconfig security tab
child,entry, 0.5,2,add child,add entry,add entry,add child
seller,auctions, 0.5,1,check seller,check auctions
delete,verify, 0.5,1,delete entry,verify entry
stream,reserve, 0.5,1,bit stream,bit reserve
delete,register, 0.5,1,delete auction,register auction
insert,hyperlink, 0.5,1,insert update,hyperlink update
column,repeat, 0.666666666666667,1,get column count,get repeat count
tab,searches, 0.5,1,add tab,add searches
faq,edit, 0.5,1,do faq,do edit
tab,server, 0.666666666666667,2,add tab,add server,get tab name,get server name
prompt,insert, 0.5,1,prompt string,insert string
entry,pasting, 0.5,2,add entry,add pasting,add entry,add pasting
jcombo,jcheck, 0.5,1,jcombo box,jcheck box
adapter,deiconified, 0.5,1,window adapter,window deiconified
snipe,browser, 0.666666666666667,1,jconfig snipe tab,jconfig browser tab
load,information, 0.5,1,do load,do information
bid,rss, 0.5,1,do bid,do rss
file,buffered, 0.666666666666667,2,file writer,buffered writer,file input stream,buffered input stream
watch,context, 0.5,1,jbid watch,jbid context
auctions,thumbnail, 0.5,2,auctions manager,thumbnail manager,save auctions,save thumbnail
advanced,firewall, 0.666666666666667,1,jconfig advanced tab,jconfig firewall tab
snipe,shipping, 0.5,3,do snipe,do shipping,do snipe,do shipping,do snipe,do shipping
seller,completed, 0.666666666666667,1,find seller list,find completed list
new,information, 0.5,1,do new,do information
title,frame, 0.5,1,build title,build frame
column,checkbox, 0.666666666666667,1,build column panel,build checkbox panel
log,xmlparse, 0.5,1,log exception,xmlparse exception
extract,jfilter, 0.5,1,extract field,jfilter field
make,handle, 0.5,1,make line,handle line
help,about, 0.5,1,do help,do about
add,about, 0.5,1,do add,do about
tab,event, 0.5,1,add tab,add event
toggle,extract, 0.5,1,toggle field,extract field
update,content, 0.666666666666667,1,get next update,get next content
drag,snipe, 0.5,1,check drag,check snipe
proxy,bottom, 0.666666666666667,1,build proxy panel,build bottom panel
parse,refilter, 0.5,1,parse auction,refilter auction
toggle,jpassword, 0.5,1,toggle field,jpassword field
error,seller, 0.5,1,check error,check seller
menu,title, 0.5,1,build menu,build title
jtab,extract, 0.5,1,jtab properties,extract properties
pause,insert, 0.5,1,pause update,insert update
menu,search, 0.5,2,build menu,build search,add menu,add search
toggle,jfilter, 0.5,1,toggle field,jfilter field
add,auction, 0.5,2,add entry,auction entry,add entry,auction entry
help,server, 0.666666666666667,1,establish help menu,establish server menu
edit,comment, 0.5,2,show edit,show comment,do edit,do comment
debug,server, 0.666666666666667,1,establish debug menu,establish server menu
edit,command, 0.5,1,do edit,do command
print,affiliate, 0.5,1,do print,do affiliate
cur,min, 0.666666666666667,1,get cur bid,get min bid
idcolor,foreground, 0.5,1,choose idcolor,choose foreground
edit,delete, 0.5,1,do edit,do delete
item,column, 0.666666666666667,1,get item count,get column count
del,auction, 0.5,1,del entry,auction entry
proxy,dropdown, 0.666666666666667,1,build proxy panel,build dropdown panel
load,register, 0.5,1,load auction,register auction
name,count, 0.666666666666667,1,get column name,get column count
proxy,username, 0.666666666666667,1,build proxy panel,build username panel
add,match, 0.5,1,add auction,match auction
frame,string, 0.5,1,parse frame,parse string
single,information, 0.5,1,do single,do information
parse,search, 0.5,1,parse frame,search frame
class,number, 0.666666666666667,1,get column class,get column number
new,enable, 0.5,1,do new,do enable
press,release, 0.5,2,key pressed,key released,mouse pressed,mouse released
channel,auction, 0.666666666666667,1,get channel count,get auction count
do,pause, 0.5,2,do update,pause update,do update,pause update
end,auction, 0.5,1,check ended,check auctions
to,from, 0.5,1,to xml,from xml
entry,multi, 0.5,2,add entry,add multi,add entry,add multi
multi,searches, 0.5,1,add multi,add searches
jmenu,lookup, 0.5,1,jmenu item,lookup item
dragged,adapter, 0.5,1,mouse dragged,mouse adapter
time,configuration, 0.5,1,update time,update configuration
about,command, 0.5,1,do about,do command
stub,webserver, 0.666666666666667,1,jconfig stub tab,jconfig webserver tab
print,periodic, 0.5,1,do print,do periodic
action,shipping, 0.5,1,do action,do shipping
help,search, 0.5,1,do help,do search
new,buy, 0.5,1,do new,do buy
value,token, 0.666666666666667,1,get value at,get token at
faq,about, 0.5,1,do faq,do about
read,parse, 0.5,1,read frame,parse frame
about,serialize, 0.5,1,do about,do serialize
action,search, 0.5,1,do action,do search
edit,enable, 0.5,1,do edit,do enable
child,searches, 0.5,1,add child,add searches
lose,gain, 0.5,1,focus lost,focus gained
buy,comment, 0.5,1,do buy,do comment
enable,information, 0.5,1,do enable,do information
updater,auction, 0.5,1,updater entry,auction entry
end,start, 0.666666666666667,1,get end date,get start date
radio,limit, 0.5,1,radio action,limit action
key,jmouse, 0.5,1,key adapter,jmouse adapter
update,search, 0.5,3,update manager,search manager,do update,do search,do update,do search
about,search, 0.5,1,do about,do search
new,affiliate, 0.5,1,do new,do affiliate
faq,affiliate, 0.5,1,do faq,do affiliate
clock,ended, 0.5,1,check clock,check ended
to,parse, 0.5,1,to string,parse string
save,prefs, 0.5,1,handle save,handle prefs
exit,click, 0.5,1,mouse exited,mouse clicked
ok,cancel, 0.5,1,on ok,on cancel
to,insert, 0.5,1,to string,insert string
action,periodic, 0.5,1,do action,do periodic
menu,multi, 0.5,1,add menu,add multi
column,status, 0.666666666666667,1,get column count,get status count
faq,update, 0.5,2,do faq,do update,do faq,do update
page,frame, 0.5,1,build page,build frame
action,comment, 0.5,1,do action,do comment
comment,auction, 0.5,1,delete comment,delete auction
bid,quantity, 0.666666666666667,1,get snipe bid,get snipe quantity
row,repeat, 0.666666666666667,1,get row count,get repeat count
adapter,closing, 0.5,1,window adapter,window closing
enter,press, 0.5,1,mouse entered,mouse pressed
mode,parse, 0.5,1,mode string,parse string
new,comment, 0.5,1,do new,do comment
search,thumbnail, 0.75,7,get search by id,get thumbnail by id,get search by index,get thumbnail by id,get search by name,get thumbnail by id,get search by index,get thumbnail by url,get search by id,get thumbnail by url,get search by name,get thumbnail by url,search manager,thumbnail manager
table,auction, 0.5,1,load tables,load auctions
child,search, 0.5,1,add child,add search
name,stats, 0.5,1,auction name,auction stats
position,thumbnail, 0.5,1,save position,save thumbnail
update,comment, 0.5,2,do update,do comment,do update,do comment
token,server, 0.5,1,add token,add server
jdrop,handle, 0.5,1,jdrop listener,handle listener
header,action, 0.666666666666667,1,get header value,get action value
token,object, 0.666666666666667,1,get token at,get object at
jpopup,establish, 0.5,1,jpopup menu,establish menu
about,action, 0.5,1,do about,do action
search,disable, 0.5,1,do search,do disable
edit,snipe, 0.5,3,do edit,do snipe,do edit,do snipe,do edit,do snipe
thumb,snipe, 0.5,1,check thumb,check snipe
rate,count, 0.666666666666667,1,get repeat rate,get repeat count
print,configure, 0.5,1,do print,do configure
load,delete, 0.5,2,load auction,delete auction,do load,do delete
sum,copy, 0.5,1,do sum,do copy
name,info, 0.5,1,auction name,auction info
about,prefs, 0.5,1,handle about,handle prefs
manager,configuration, 0.5,1,update manager,update configuration
enable,periodic, 0.5,1,do enable,do periodic
writer,selection, 0.5,1,string writer,string selection
tab,search, 0.5,2,delete tab,delete search,add tab,add search
insert,bitrate, 0.5,1,insert string,bitrate string
date,value, 0.666666666666667,1,get snipe date,get snipe value
search,information, 0.5,1,do search,do information
load,comment, 0.5,1,do load,do comment
edit,disable, 0.5,1,do edit,do disable
new,command, 0.5,1,do new,do command
input,pasting, 0.5,1,add input,add pasting
tab,multi, 0.5,1,add tab,add multi
name,number, 0.666666666666667,1,get column name,get column number
rss,periodic, 0.5,1,do rss,do periodic
sorter,column, 0.5,1,table sorter,table column
read,search, 0.5,1,read frame,search frame
add,make, 0.666666666666667,1,add menu item,make menu item
table,string, 0.5,1,load tables,load strings
dialogue,listen, 0.5,1,snipe dialog,snipe listener
add,expected, 0.5,1,add input,expected input
new,save, 0.5,1,do new,do save
parse,prompt, 0.5,1,parse string,prompt string
copy,search, 0.5,1,do copy,do search
buy,disable, 0.5,1,do buy,do disable
page,html, 0.5,1,build page,build html
line,proxy, 0.666666666666667,1,build line panel,build proxy panel
ebay,refilter, 0.5,1,ebay auction,refilter auction
add,action, 0.5,1,do add,do action
edit,action, 0.5,1,do edit,do action
execute,command, 0.5,1,do execute,do command
new,load, 0.5,1,do new,do load
bid,column, 0.666666666666667,1,get bid count,get column count
remove,hyperlink, 0.5,1,remove update,hyperlink update
name,id, 0.75,4,get server by name,get thumbnail by id,get search by id,get server by name,get search by name,get thumbnail by id,get search by id,get search by name
swing,plain, 0.666666666666667,1,swing message queue,plain message queue
token,channel, 0.666666666666667,1,get token count,get channel count
comment,disable, 0.5,1,do comment,do disable
ebay,stub, 0.666666666666667,1,jconfig ebay tab,jconfig stub tab
add,sum, 0.5,1,do add,do sum
add,command, 0.5,1,do add,do command
color,limits, 0.666666666666667,1,get color string,get limits string
delete,serialize, 0.5,1,do delete,do serialize
drop,drag, 0.5,1,accept drop,accept drag
multi,pasting, 0.5,1,add multi,add pasting
about,snipe, 0.5,3,do about,do snipe,do about,do snipe,do snipe,do about
line,prefs, 0.5,1,handle line,handle prefs
header,column, 0.5,1,table header,table column
object,string, 0.5,1,encode object,encode string
sum,comment, 0.5,1,do sum,do comment
menu,auction, 0.5,1,add menu,add auction
snipe,official, 0.666666666666667,1,get snipe time,get official time
show,delete, 0.5,1,show comment,delete comment
delete,affiliate, 0.5,1,do delete,do affiliate
item,search, 0.666666666666667,1,get item count,get search count
menu,child, 0.5,1,add menu,add child
help,auction, 0.666666666666667,1,establish help menu,establish auction menu
stats,qobject, 0.5,1,auction stats,auction qobject
advanced,security, 0.666666666666667,1,jconfig advanced tab,jconfig security tab
latin,string, 0.5,1,decode latin,decode string
clock,snapshot, 0.5,1,check clock,check snapshot
token,repeat, 0.666666666666667,1,get token count,get repeat count
do,check, 0.5,3,do snipe,check snipe,do snipe,check snipe,do snipe,check snipe
string,seller, 0.5,1,string searcher,seller searcher
about,listener, 0.5,1,handle about,handle listener
row,column, 0.666666666666667,1,get row count,get column count
check,format, 0.5,1,check snipe,format snipe
event,input, 0.5,1,add event,add input
load,cancel, 0.5,1,load searches,cancel searches
edit,execute, 0.5,1,do edit,do execute
reload,unregister, 0.5,1,reload auction,unregister auction
edit,information, 0.5,1,do edit,do information
table,qobject, 0.5,1,auction table,auction qobject
closing,iconified, 0.5,1,window closing,window iconified
parse,delete, 0.5,1,parse auction,delete auction
proxy,httpproxy, 0.5,1,proxy client,httpproxy client
color,clipboard, 0.666666666666667,1,get color string,get clipboard string
window,jmouse, 0.5,1,window adapter,jmouse adapter
load,about, 0.5,1,do load,do about
buy,search, 0.5,1,do buy,do search
do,build, 0.5,1,do search,build search
searcher,selection, 0.5,1,string searcher,string selection
line,quit, 0.5,1,handle line,handle quit
edit,server, 0.666666666666667,1,establish edit menu,establish server menu
text,abstract, 0.5,1,text action,abstract action
force,remove, 0.5,1,force update,remove update
save,check, 0.5,1,save auctions,check auctions
child,multi, 0.5,1,add child,add multi
do,subtract, 0.5,1,do shipping,subtract shipping
